split,model,mae,rmse,wape,smape,bias,absolute_bias,row_count
validation,linear_regression,191.789633,243.446397,1.144443,0.966721,191.065654,191.065654,24
validation,moving_average,180.761905,202.112731,1.078639,1.306104,13.095238,13.095238,24
validation,random_forest,44.085331,80.350005,0.263065,0.143640,6.493944,6.493944,24
validation,seasonal_naive,351.250000,366.473282,2.095972,2.000000,16.083333,16.083333,24
