scenario_name,demand_multiplier,lead_time_multiplier,available_budget,available_replenishment_capacity,total_unconstrained_quantity,total_constrained_quantity,working_capital_requirement,projected_shortage_quantity,projected_excess_quantity,projected_service_level_risk,high_risk_item_count,critical_risk_item_count,budget_utilisation,capacity_utilisation,constraint_binding_count
baseline,1.000000,1.000000,1000000.000000,100000,23120.000000,8598.000000,999987.000000,11813.687120,12740.000000,0.194444,5,0,0.999987,0.085980,28
budget_constrained,1.000000,1.000000,350000.000000,100000,23120.000000,4433.000000,349952.000000,11813.687120,12740.000000,0.194444,5,0,0.999863,0.044330,30
capacity_constrained,1.000000,1.000000,1000000.000000,50000,23120.000000,8598.000000,999987.000000,11813.687120,12740.000000,0.194444,5,0,0.999987,0.171960,28
high_demand,1.250000,1.000000,1000000.000000,100000,23120.000000,8598.000000,999987.000000,14509.858900,12740.000000,0.194444,5,0,0.999987,0.085980,28
supplier_delay,1.000000,1.500000,1000000.000000,100000,23120.000000,8598.000000,999987.000000,11813.687120,12740.000000,0.194444,5,0,0.999987,0.085980,28
